{
  "context-1772819573417.png": {
    "x": 1610.52188606263,
    "y": 529.8343043359234,
    "width": 300,
    "height": 300
  }
}