{
  "context-1772358657427.png": {
    "x": 26.3577548612848,
    "y": 49.81903523244274,
    "width": 300,
    "height": 300
  },
  "context-1772358705308.png": {
    "x": 370,
    "y": -102.43211153872875,
    "width": 300,
    "height": 300
  },
  "context-1772378016645.png": {
    "x": 801.0204669435878,
    "y": -132.3343817877554,
    "width": 300,
    "height": 300
  },
  "context-1772401271426.png": {
    "x": 1159.7323817538377,
    "y": -52.77392391644514,
    "width": 300,
    "height": 300
  }
}