{
  "context-1772451258298.png": {
    "x": 50,
    "y": 50,
    "width": 300,
    "height": 300
  },
  "context-1772452563093.png": {
    "x": 370,
    "y": 50,
    "width": 300,
    "height": 300
  },
  "context-1772452579228.png": {
    "x": 690,
    "y": 50,
    "width": 300,
    "height": 300
  },
  "context-1772453180521.png": {
    "x": 1010,
    "y": 50,
    "width": 300,
    "height": 300
  },
  "context-1772453190671.png": {
    "x": -39.21277963327364,
    "y": 357.6279948398612,
    "width": 300,
    "height": 300
  }
}